Cautare Client dupa ID, 2023-06-03 01:59:10.531
Cautare Client dupa ID, 2023-06-03 01:59:14.97
Cautare Client dupa ID, 2023-06-03 01:59:22.898
Cautare Client dupa ID, 2023-06-03 01:59:26.899
Inserare Client in baza de date, 2023-06-03 15:47:53.404
Cautare Client dupa ID, 2023-06-03 15:47:58.146
Cautare Client dupa ID, 2023-06-03 15:48:06.87
Cautare Client dupa ID, 2023-06-03 15:48:13.205
Cautare Client dupa ID, 2023-06-03 15:48:16.799
Cautare Client dupa ID, 2023-06-03 15:48:18.947
Cautare Client dupa ID, 2023-06-03 15:48:20.421
Cautare Client dupa ID, 2023-06-03 15:54:34.699
Cautare Client dupa ID, 2023-06-03 15:54:38.286
Cautare Client dupa ID, 2023-06-03 15:54:41.265
Cautare Client dupa ID, 2023-06-03 15:54:43.219
Cautare Client dupa ID, 2023-06-03 15:54:45.224
Cautare Client dupa ID, 2023-06-03 15:54:47.187
Cautare Client dupa ID, 2023-06-03 15:54:48.717
Cautare Client dupa ID, 2023-06-03 15:54:49.647
Cautare Client dupa ID, 2023-06-03 15:54:50.931
Cautare Client dupa ID, 2023-06-03 15:55:57.179
Cautare Client dupa ID, 2023-06-03 15:56:00.938
Cautare Client dupa ID, 2023-06-03 16:55:32.228
Cautare Client dupa ID, 2023-06-03 16:55:35.377
Cautare Client dupa ID, 2023-06-03 16:55:37.456
Cautare Client dupa ID, 2023-06-03 16:55:38.649
Cautare Client dupa ID, 2023-06-03 16:55:39.827
Inserare Client in baza de date, 2023-06-03 16:55:54.87
Cautare Client dupa ID, 2023-06-03 16:55:58.398
Cautare Client dupa ID, 2023-06-03 16:56:04.45
Cautare Client dupa ID, 2023-06-03 16:56:07.36
Cautare Client dupa ID, 2023-06-03 16:56:09.271
Cautare Client dupa ID, 2023-06-03 16:56:11.88
Cautare Client dupa ID, 2023-06-03 16:56:13.245
Cautare Client dupa ID, 2023-06-03 16:56:15.01
